well_id,hour,q_it,e_it
W01,0,11.873,36.582
W01,1,11.831,36.582
W01,2,12.47,38.913
W01,3,12.676,39.743
W01,4,12.759,39.252
W01,5,13.147,40.399
W01,6,12.699,40.045
W01,7,13.005,39.672
W01,8,12.575,38.785
W01,9,12.843,38.889
W01,10,12.556,38.098
W01,11,11.897,37.524
W01,12,11.568,35.938
W01,13,11.763,35.286
W01,14,11.093,33.772
W01,15,11.193,32.673
W01,16,10.49,33.281
W01,17,10.905,31.777
W01,18,10.721,31.676
W01,19,10.914,31.267
W01,20,11.099,32.81
W01,21,10.945,33.809
W01,22,11.468,33.858
W01,23,11.313,35.5
W02,0,13.321,35.467
W02,1,13.233,37.607
W02,2,13.808,39.017
W02,3,14.06,39.778
W02,4,14.135,40.635
W02,5,14.325,39.318
W02,6,14.485,39.185
W02,7,13.771,40.195
W02,8,13.956,39.632
W02,9,13.404,39.475
W02,10,13.599,36.758
W02,11,12.96,37.081
W02,12,12.588,36.374
W02,13,12.052,35.276
W02,14,11.999,33.803
W02,15,11.579,33.636
W02,16,11.409,32.803
W02,17,11.473,32.651
W02,18,11.699,31.93
W02,19,12.004,31.305
W02,20,11.896,33.168
W02,21,12.489,34.174
W02,22,12.783,34.442
W02,23,12.83,36.011
W03,0,14.431,40.266
W03,1,15.108,41.983
W03,2,15.495,41.456
W03,3,15.506,42.819
W03,4,15.514,43.537
W03,5,15.384,42.667
W03,6,15.798,42.84
W03,7,15.251,43.138
W03,8,15.246,42.932
W03,9,14.76,42.13
W03,10,14.803,40.099
W03,11,14.503,39.563
W03,12,13.86,38.026
W03,13,13.591,36.209
W03,14,13.022,35.914
W03,15,13.426,34.576
W03,16,13.012,35.457
W03,17,13.291,35.257
W03,18,12.806,33.915
W03,19,13.584,35.557
W03,20,13.424,35.939
W03,21,14.002,37.433
W03,22,13.84,37.106
W03,23,14.311,38.895
W04,0,15.884,44.579
W04,1,16.376,45.935
W04,2,16.097,47.267
W04,3,16.166,47.347
W04,4,16.243,46.672
W04,5,16.687,48.168
W04,6,16.586,47.983
W04,7,16.345,46.96
W04,8,15.817,45.957
W04,9,15.504,44.061
W04,10,14.86,44.266
W04,11,14.938,43.611
W04,12,14.26,42.169
W04,13,13.927,40.685
W04,14,14.09,39.521
W04,15,13.447,39.248
W04,16,13.874,38.409
W04,17,13.528,38.918
W04,18,13.79,39.139
W04,19,14.174,39.528
W04,20,14.231,39.488
W04,21,15.094,41.655
W04,22,15.456,42.607
W04,23,15.553,42.726
W05,0,17.724,46.4
W05,1,17.864,47.05
W05,2,18.029,48.195
W05,3,18.162,48.681
W05,4,17.877,50.246
W05,5,17.625,50.189
W05,6,17.303,49.357
W05,7,17.075,48.674
W05,8,16.786,47.798
W05,9,16.636,47.082
W05,10,16.462,45.488
W05,11,15.99,44.67
W05,12,15.706,43.738
W05,13,15.524,42.822
W05,14,14.961,40.326
W05,15,15.449,40.229
W05,16,15.22,40.447
W05,17,15.065,40.392
W05,18,15.821,41.481
W05,19,15.526,41.721
W05,20,16.004,42.122
W05,21,16.64,44.053
W05,22,16.759,44.528
W05,23,17.238,45.095
W06,0,19.271,48.259
W06,1,19.47,49.22
W06,2,19.449,51.511
W06,3,19.406,50.286
W06,4,19.27,50.903
W06,5,18.674,51.974
W06,6,18.914,51.014
W06,7,18.39,49.289
W06,8,17.784,48.414
W06,9,17.443,47.163
W06,10,17.099,45.411
W06,11,16.992,45.514
W06,12,16.506,43.387
W06,13,16.477,42.934
W06,14,16.573,42.674
W06,15,16.278,42.239
W06,16,16.247,40.615
W06,17,16.873,41.212
W06,18,16.763,41.523
W06,19,17.021,43.729
W06,20,17.349,44.153
W06,21,18.081,44.904
W06,22,18.516,46.125
W06,23,18.373,47.093
W07,0,19.711,50.749
W07,1,19.849,50.633
W07,2,20.366,52.874
W07,3,19.893,53.461
W07,4,19.669,52.198
W07,5,19.555,52.239
W07,6,19.231,52.497
W07,7,18.997,51.376
W07,8,18.707,49.213
W07,9,18.196,47.92
W07,10,17.46,47.055
W07,11,17.517,44.803
W07,12,16.949,43.566
W07,13,16.979,42.804
W07,14,17.114,41.786
W07,15,17.333,41.451
W07,16,17.086,42.491
W07,17,17.794,42.45
W07,18,18.105,44.088
W07,19,18.294,43.71
W07,20,18.982,44.917
W07,21,19.16,47.181
W07,22,19.606,48.41
W07,23,19.544,49.098
W08,0,20.739,53.004
W08,1,21.034,53.536
W08,2,21.333,54.876
W08,3,20.629,54.254
W08,4,20.488,54.436
W08,5,20.468,53.96
W08,6,19.961,53.204
W08,7,19.683,52.559
W08,8,18.9,49.635
W08,9,18.799,49.441
W08,10,18.171,47.399
W08,11,18.536,46.248
W08,12,18.03,45.935
W08,13,17.858,44.49
W08,14,18.314,44.287
W08,15,18.42,44.207
W08,16,18.134,44.606
W08,17,18.789,43.446
W08,18,18.968,44.991
W08,19,19.481,46.072
W08,20,20.026,47.992
W08,21,20.532,49.612
W08,22,20.808,50.776
W08,23,20.917,52.048
W09,0,22.38,54.876
W09,1,22.755,56.862
W09,2,22.652,57.353
W09,3,22.21,57.444
W09,4,22.163,56.997
W09,5,21.511,55.67
W09,6,21.165,54.508
W09,7,20.933,53.422
W09,8,20.726,53.633
W09,9,20.11,50.584
W09,10,19.662,49.527
W09,11,19.671,48.449
W09,12,19.591,46.595
W09,13,19.865,46.051
W09,14,19.39,46.829
W09,15,19.812,45.504
W09,16,20.275,46.548
W09,17,20.575,46.662
W09,18,20.868,47.438
W09,19,21.47,48.424
W09,20,21.993,49.549
W09,21,22.43,52.741
W09,22,22.59,53.044
W09,23,22.831,55.192
W10,0,23.541,60.894
W10,1,23.664,61.025
W10,2,23.242,61.592
W10,3,23.257,61.364
W10,4,22.938,61.545
W10,5,22.001,59.697
W10,6,21.853,59.391
W10,7,21.157,57.393
W10,8,21.4,55.875
W10,9,20.598,55.035
W10,10,20.767,53.408
W10,11,20.531,51.667
W10,12,20.151,50.707
W10,13,20.674,49.132
W10,14,20.879,48.83
W10,15,21.186,50.281
W10,16,21.476,49.557
W10,17,21.398,51.326
W10,18,21.943,51.71
W10,19,22.367,53.259
W10,20,23.177,53.834
W10,21,23.35,57.106
W10,22,23.256,57.315
W10,23,23.795,59.246
